date,tavg,tmin,tmax,prcp,wspd,pres,tsun,point_id,lat,lon
2016-01-01 00:00:00,7.3,3.1,12.6,,,1018.3,,Albania,41.3275,19.8187
2016-02-01 00:00:00,11.8,7.0,17.4,,,1016.6,,Albania,41.3275,19.8187
2016-03-01 00:00:00,11.4,6.4,17.2,,,1012.0,,Albania,41.3275,19.8187
2016-04-01 00:00:00,16.0,10.1,22.7,,,1013.4,,Albania,41.3275,19.8187
2016-05-01 00:00:00,17.7,12.0,23.7,,,1013.2,,Albania,41.3275,19.8187
2016-06-01 00:00:00,23.4,17.3,30.2,,,1013.2,,Albania,41.3275,19.8187
2016-07-01 00:00:00,25.6,18.7,33.5,,,1013.3,,Albania,41.3275,19.8187
2016-08-01 00:00:00,24.6,17.5,33.5,9.0,,1014.2,,Albania,41.3275,19.8187
2016-09-01 00:00:00,20.8,14.6,29.2,49.4,,1015.9,,Albania,41.3275,19.8187
2016-10-01 00:00:00,16.6,11.1,23.8,,,1017.9,,Albania,41.3275,19.8187
2016-11-01 00:00:00,11.6,6.7,17.9,,,1018.6,,Albania,41.3275,19.8187
2016-12-01 00:00:00,4.4,-2.3,13.9,,,1026.6,,Albania,41.3275,19.8187
2016-01-01 00:00:00,-1.1,-3.5,3.2,61.0,,,7380.0,Armenia,40.1872,44.5152
2016-02-01 00:00:00,4.3,1.4,9.5,38.0,,,8040.0,Armenia,40.1872,44.5152
2016-03-01 00:00:00,8.6,4.4,14.7,19.0,,,12300.0,Armenia,40.1872,44.5152
2016-04-01 00:00:00,14.0,9.0,20.7,16.0,,,13800.0,Armenia,40.1872,44.5152
2016-05-01 00:00:00,17.9,12.9,25.3,31.0,,,15240.0,Armenia,40.1872,44.5152
2016-06-01 00:00:00,22.1,16.9,29.8,35.0,,,17040.0,Armenia,40.1872,44.5152
2016-07-01 00:00:00,25.3,20.1,33.1,19.0,,,20880.0,Armenia,40.1872,44.5152
2016-08-01 00:00:00,27.3,21.9,35.5,2.0,,,20280.0,Armenia,40.1872,44.5152
2016-09-01 00:00:00,19.9,14.9,27.3,21.0,,,16080.0,Armenia,40.1872,44.5152
2016-10-01 00:00:00,13.0,9.5,18.9,25.0,,,10380.0,Armenia,40.1872,44.5152
2016-11-01 00:00:00,4.9,1.3,10.6,66.0,,,12120.0,Armenia,40.1872,44.5152
2016-12-01 00:00:00,-3.5,-5.7,0.2,33.0,,,5460.0,Armenia,40.1872,44.5152
2016-01-01 00:00:00,0.8,-1.5,3.7,43.0,,1016.8,4860.0,Austria,48.2082,16.3738
2016-02-01 00:00:00,6.4,4.1,9.4,71.0,,1012.9,4920.0,Austria,48.2082,16.3738
2016-03-01 00:00:00,6.5,3.4,10.6,22.0,,1014.5,7740.0,Austria,48.2082,16.3738
2016-04-01 00:00:00,11.0,6.5,16.1,46.0,,1012.8,12060.0,Austria,48.2082,16.3738
2016-05-01 00:00:00,15.6,11.2,20.4,134.0,,1012.9,14100.0,Austria,48.2082,16.3738
2016-06-01 00:00:00,20.4,15.5,25.2,79.0,,1013.3,16560.0,Austria,48.2082,16.3738
2016-07-01 00:00:00,22.2,17.3,27.5,85.0,,1015.8,17220.0,Austria,48.2082,16.3738
2016-08-01 00:00:00,20.3,15.7,25.8,59.0,,1019.0,16260.0,Austria,48.2082,16.3738
2016-09-01 00:00:00,18.3,13.8,24.9,24.0,,1018.2,15600.0,Austria,48.2082,16.3738
2016-10-01 00:00:00,9.8,7.6,13.0,89.0,,1020.9,4980.0,Austria,48.2082,16.3738
2016-11-01 00:00:00,4.9,2.9,7.8,58.0,,1018.1,5160.0,Austria,48.2082,16.3738
2016-12-01 00:00:00,1.4,-0.3,3.8,30.0,,1030.8,4680.0,Austria,48.2082,16.3738
2016-01-01 00:00:00,5.1,2.6,8.0,,,,,Azerbaijan,40.4093,49.8671
2016-02-01 00:00:00,6.5,4.3,9.6,29.0,,1023.5,4920.0,Azerbaijan,40.4093,49.8671
2016-03-01 00:00:00,8.5,5.6,11.8,5.0,,1015.9,3900.0,Azerbaijan,40.4093,49.8671
2016-04-01 00:00:00,13.7,10.0,18.7,15.0,,1016.4,12480.0,Azerbaijan,40.4093,49.8671
2016-05-01 00:00:00,19.0,15.0,23.7,0.0,,1012.8,16260.0,Azerbaijan,40.4093,49.8671
2016-06-01 00:00:00,24.3,19.9,28.9,,,1013.6,13800.0,Azerbaijan,40.4093,49.8671
2016-07-01 00:00:00,26.3,22.2,30.7,0.5,,1012.4,,Azerbaijan,40.4093,49.8671
2016-08-01 00:00:00,28.4,22.4,34.5,0.5,,1014.1,,Azerbaijan,40.4093,49.8671
2016-09-01 00:00:00,22.3,18.6,25.7,142.0,,1015.2,11700.0,Azerbaijan,40.4093,49.8671
2016-10-01 00:00:00,14.1,11.3,16.8,104.0,,1023.9,6360.0,Azerbaijan,40.4093,49.8671
2016-11-01 00:00:00,8.9,5.7,11.2,39.0,,1026.0,7380.0,Azerbaijan,40.4093,49.8671
2016-12-01 00:00:00,4.8,1.7,7.5,24.0,,1022.5,5400.0,Azerbaijan,40.4093,49.8671
2016-01-01 00:00:00,-7.4,-9.9,-5.0,52.0,,1015.1,2700.0,Belarus,53.9006,27.559
2016-02-01 00:00:00,1.0,-0.8,3.2,51.0,,1011.9,3300.0,Belarus,53.9006,27.559
2016-03-01 00:00:00,1.5,-1.5,4.7,34.0,,1014.7,6660.0,Belarus,53.9006,27.559
2016-04-01 00:00:00,8.3,4.2,12.9,56.0,,1011.6,11340.0,Belarus,53.9006,27.559
2016-05-01 00:00:00,15.4,10.1,21.1,55.0,,1014.8,14580.0,Belarus,53.9006,27.559
2016-06-01 00:00:00,18.8,13.4,24.3,54.0,,1014.2,17940.0,Belarus,53.9006,27.559
2016-07-01 00:00:00,19.5,15.4,25.0,136.0,,1012.7,13680.0,Belarus,53.9006,27.559
2016-08-01 00:00:00,18.8,14.2,24.4,47.0,,1017.4,16980.0,Belarus,53.9006,27.559
2016-09-01 00:00:00,13.9,10.4,18.3,36.0,,1018.6,11280.0,Belarus,53.9006,27.559
2016-10-01 00:00:00,4.9,2.5,7.7,134.0,,1024.5,4860.0,Belarus,53.9006,27.559
2016-11-01 00:00:00,-0.2,-1.8,1.5,57.0,,1016.4,1620.0,Belarus,53.9006,27.559
2016-12-01 00:00:00,-1.4,-3.7,0.4,46.0,,1019.7,1080.0,Belarus,53.9006,27.559
2016-01-01 00:00:00,4.8,2.3,7.1,135.0,,1011.2,4200.0,Belgium,50.8503,4.3517
2016-02-01 00:00:00,4.5,1.7,7.0,113.0,,1010.8,5040.0,Belgium,50.8503,4.3517
2016-03-01 00:00:00,5.3,1.6,9.0,82.0,,1014.3,6780.0,Belgium,50.8503,4.3517
2016-04-01 00:00:00,8.5,4.0,12.6,66.0,,1012.6,8700.0,Belgium,50.8503,4.3517
2016-05-01 00:00:00,14.2,9.5,18.6,78.0,,1013.4,11760.0,Belgium,50.8503,4.3517
2016-06-01 00:00:00,16.0,12.8,19.9,175.0,,1013.9,6960.0,Belgium,50.8503,4.3517
2016-07-01 00:00:00,18.3,14.2,22.6,55.0,,1017.4,10800.0,Belgium,50.8503,4.3517
2016-08-01 00:00:00,18.1,13.5,22.8,54.0,,1018.6,12780.0,Belgium,50.8503,4.3517
2016-09-01 00:00:00,17.5,12.8,22.4,18.0,,1017.9,11820.0,Belgium,50.8503,4.3517
2016-10-01 00:00:00,9.7,6.3,13.4,51.0,,1020.9,6540.0,Belgium,50.8503,4.3517
2016-11-01 00:00:00,6.1,3.6,8.6,93.0,,1014.4,3840.0,Belgium,50.8503,4.3517
2016-12-01 00:00:00,4.7,2.1,7.5,23.0,,1029.0,5040.0,Belgium,50.8503,4.3517
2016-01-01 00:00:00,1.0,-2.4,4.8,47.0,,1017.6,4320.0,Bosnia and Herzegovina,43.8563,18.4131
2016-02-01 00:00:00,7.4,3.5,12.4,87.0,,1014.1,4860.0,Bosnia and Herzegovina,43.8563,18.4131
2016-03-01 00:00:00,6.0,2.2,11.1,132.0,,1012.7,6720.0,Bosnia and Herzegovina,43.8563,18.4131
2016-04-01 00:00:00,13.0,7.0,20.7,60.0,,1012.3,10140.0,Bosnia and Herzegovina,43.8563,18.4131
2016-05-01 00:00:00,13.8,8.4,20.5,82.0,,1012.2,11400.0,Bosnia and Herzegovina,43.8563,18.4131
2016-06-01 00:00:00,19.4,13.9,26.7,96.0,,1012.3,12960.0,Bosnia and Herzegovina,43.8563,18.4131
2016-07-01 00:00:00,21.0,15.0,28.9,104.0,,1012.6,15300.0,Bosnia and Herzegovina,43.8563,18.4131
2016-08-01 00:00:00,18.5,13.4,25.8,106.0,,1018.3,13200.0,Bosnia and Herzegovina,43.8563,18.4131
2016-09-01 00:00:00,15.5,10.6,22.7,71.0,,1019.1,12300.0,Bosnia and Herzegovina,43.8563,18.4131
2016-10-01 00:00:00,9.8,6.2,14.9,113.0,,1020.9,6780.0,Bosnia and Herzegovina,43.8563,18.4131
2016-11-01 00:00:00,6.0,2.3,10.8,93.0,,1019.7,6480.0,Bosnia and Herzegovina,43.8563,18.4131
2016-12-01 00:00:00,-1.1,-4.3,3.3,17.0,,1032.6,6180.0,Bosnia and Herzegovina,43.8563,18.4131
2016-01-01 00:00:00,-0.9,-5.3,3.6,90.0,,1019.4,5100.0,Bulgaria,42.6977,23.3219
2016-02-01 00:00:00,7.2,2.6,13.0,45.0,,1017.4,6540.0,Bulgaria,42.6977,23.3219
2016-03-01 00:00:00,6.9,2.2,12.6,73.0,,1013.2,9960.0,Bulgaria,42.6977,23.3219
2016-04-01 00:00:00,13.9,7.3,21.1,57.0,,1012.5,13980.0,Bulgaria,42.6977,23.3219
2016-05-01 00:00:00,14.2,8.6,19.9,106.0,,1012.7,13080.0,Bulgaria,42.6977,23.3219
2016-06-01 00:00:00,20.6,14.6,26.4,78.0,,1012.8,16920.0,Bulgaria,42.6977,23.3219
2016-07-01 00:00:00,22.3,15.7,28.9,45.0,,1013.8,19740.0,Bulgaria,42.6977,23.3219
2016-08-01 00:00:00,20.9,14.3,28.1,39.0,,1015.9,18600.0,Bulgaria,42.6977,23.3219
2016-09-01 00:00:00,17.1,10.4,24.5,15.0,,1017.4,13680.0,Bulgaria,42.6977,23.3219
2016-10-01 00:00:00,10.3,6.1,15.2,61.0,,1021.0,7500.0,Bulgaria,42.6977,23.3219
2016-11-01 00:00:00,5.2,1.4,10.0,50.0,,1021.2,7860.0,Bulgaria,42.6977,23.3219
2016-12-01 00:00:00,-0.5,-4.9,4.3,5.0,,1029.5,7020.0,Bulgaria,42.6977,23.3219
2016-01-01 00:00:00,2.7,0.0,6.1,68.0,,1017.5,6180.0,Croatia,45.815,15.9819
2016-02-01 00:00:00,7.4,4.8,10.8,120.0,,1014.3,3540.0,Croatia,45.815,15.9819
2016-03-01 00:00:00,8.6,5.6,12.4,45.0,,1013.9,6780.0,Croatia,45.815,15.9819
2016-04-01 00:00:00,13.7,9.2,19.2,48.0,,1013.0,10680.0,Croatia,45.815,15.9819
2016-05-01 00:00:00,16.6,12.4,21.3,102.0,,1012.9,13320.0,Croatia,45.815,15.9819
2016-06-01 00:00:00,21.4,17.2,26.4,139.0,,1013.2,14460.0,Croatia,45.815,15.9819
2016-07-01 00:00:00,24.0,19.6,29.2,52.0,,1015.4,15960.0,Croatia,45.815,15.9819
2016-08-01 00:00:00,21.7,17.4,26.7,48.0,,1018.4,16560.0,Croatia,45.815,15.9819
2016-09-01 00:00:00,19.7,15.4,24.7,43.0,,1018.1,13260.0,Croatia,45.815,15.9819
2016-10-01 00:00:00,11.2,8.4,14.8,102.0,,1020.9,6360.0,Croatia,45.815,15.9819
2016-11-01 00:00:00,7.7,5.1,11.5,86.0,,1018.6,5340.0,Croatia,45.815,15.9819
2016-12-01 00:00:00,0.8,-1.4,4.1,2.0,,1031.6,5460.0,Croatia,45.815,15.9819
2016-01-01 00:00:00,11.2,6.7,16.0,52.0,,1019.0,10380.0,Cyprus,35.1856,33.3823
2016-02-01 00:00:00,14.5,9.1,20.1,14.0,,1019.4,12900.0,Cyprus,35.1856,33.3823
2016-03-01 00:00:00,15.8,9.9,21.2,14.0,,1013.9,15780.0,Cyprus,35.1856,33.3823
2016-04-01 00:00:00,19.9,13.8,25.5,3.0,,1012.6,18780.0,Cyprus,35.1856,33.3823
2016-05-01 00:00:00,21.8,16.6,27.0,0.5,,1011.6,19800.0,Cyprus,35.1856,33.3823
2016-06-01 00:00:00,26.8,21.3,32.0,0.0,,1008.6,23340.0,Cyprus,35.1856,33.3823
2016-07-01 00:00:00,28.6,23.4,33.6,0.0,,1005.6,24720.0,Cyprus,35.1856,33.3823
2016-08-01 00:00:00,28.6,23.5,33.4,0.0,,1007.7,23280.0,Cyprus,35.1856,33.3823
2016-09-01 00:00:00,26.3,21.0,31.3,0.0,,1011.4,20220.0,Cyprus,35.1856,33.3823
2016-10-01 00:00:00,23.4,18.2,28.8,24.0,,1014.4,18180.0,Cyprus,35.1856,33.3823
2016-11-01 00:00:00,17.9,13.0,23.1,14.0,,1019.0,14280.0,Cyprus,35.1856,33.3823
2016-12-01 00:00:00,11.8,7.5,16.5,102.0,,1019.1,9000.0,Cyprus,35.1856,33.3823
2016-01-01 00:00:00,0.4,-2.2,3.2,31.0,,1015.8,3000.0,Czech Republic,50.0755,14.4378
2016-02-01 00:00:00,4.2,1.2,8.0,50.0,,1012.4,3900.0,Czech Republic,50.0755,14.4378
2016-03-01 00:00:00,4.7,1.4,8.8,25.0,,1015.4,5160.0,Czech Republic,50.0755,14.4378
2016-04-01 00:00:00,9.1,4.2,14.6,27.0,,1013.5,9060.0,Czech Republic,50.0755,14.4378
2016-05-01 00:00:00,14.9,9.4,20.8,74.0,,1013.7,12180.0,Czech Republic,50.0755,14.4378
2016-06-01 00:00:00,18.8,13.7,24.7,65.0,,1013.7,9780.0,Czech Republic,50.0755,14.4378
2016-07-01 00:00:00,20.5,15.2,26.6,113.0,,1016.5,12240.0,Czech Republic,50.0755,14.4378
2016-08-01 00:00:00,19.0,13.0,25.5,26.0,,1019.4,13980.0,Czech Republic,50.0755,14.4378
2016-09-01 00:00:00,18.0,11.9,24.5,54.0,,1018.4,13500.0,Czech Republic,50.0755,14.4378
2016-10-01 00:00:00,8.9,6.4,12.2,62.0,,1021.4,3180.0,Czech Republic,50.0755,14.4378
2016-11-01 00:00:00,3.6,1.0,6.7,27.0,,1018.1,4380.0,Czech Republic,50.0755,14.4378
2016-12-01 00:00:00,1.2,-1.0,3.7,29.0,,1030.7,2940.0,Czech Republic,50.0755,14.4378
2016-01-01 00:00:00,0.7,-1.8,2.2,36.0,,1011.1,,Denmark,55.6761,12.5683
2016-02-01 00:00:00,3.0,0.4,4.6,44.0,,1004.8,,Denmark,55.6761,12.5683
2016-03-01 00:00:00,4.5,1.2,6.7,50.0,,1014.2,,Denmark,55.6761,12.5683
2016-04-01 00:00:00,7.6,3.9,10.0,40.0,,1010.9,,Denmark,55.6761,12.5683
2016-05-01 00:00:00,14.7,9.6,17.9,25.0,,1015.7,,Denmark,55.6761,12.5683
2016-06-01 00:00:00,17.6,13.8,20.4,76.0,,1013.7,,Denmark,55.6761,12.5683
2016-07-01 00:00:00,18.0,14.4,20.6,106.0,,1014.1,,Denmark,55.6761,12.5683
2016-08-01 00:00:00,17.3,13.5,20.4,34.0,,1016.2,,Denmark,55.6761,12.5683
2016-09-01 00:00:00,17.1,13.7,20.1,27.0,,1018.6,,Denmark,55.6761,12.5683
2016-10-01 00:00:00,9.5,7.7,11.1,91.0,,1023.4,,Denmark,55.6761,12.5683
2016-11-01 00:00:00,4.8,2.5,6.7,48.0,,1013.6,,Denmark,55.6761,12.5683
2016-12-01 00:00:00,5.0,2.4,6.6,39.0,,1022.9,,Denmark,55.6761,12.5683
2016-01-01 00:00:00,-7.2,-9.9,-5.0,81.0,,1010.1,2040.0,Estonia,59.437,24.7536
2016-02-01 00:00:00,0.5,-1.2,2.1,85.0,,1003.1,2460.0,Estonia,59.437,24.7536
2016-03-01 00:00:00,0.6,-2.2,3.4,14.0,,1014.4,9060.0,Estonia,59.437,24.7536
2016-04-01 00:00:00,5.2,1.4,9.5,62.0,,1010.3,12180.0,Estonia,59.437,24.7536
2016-05-01 00:00:00,12.6,5.9,17.7,11.0,,1016.9,24480.0,Estonia,59.437,24.7536
2016-06-01 00:00:00,15.2,10.6,19.3,117.0,,1012.8,17700.0,Estonia,59.437,24.7536
2016-07-01 00:00:00,17.4,13.7,20.8,54.0,,1010.6,16440.0,Estonia,59.437,24.7536
2016-08-01 00:00:00,15.9,12.5,19.6,179.0,,1012.9,11100.0,Estonia,59.437,24.7536
2016-09-01 00:00:00,12.8,9.2,16.3,32.0,,1016.4,11220.0,Estonia,59.437,24.7536
2016-10-01 00:00:00,5.0,2.8,7.2,45.0,,1027.3,4740.0,Estonia,59.437,24.7536
2016-11-01 00:00:00,0.1,-2.0,1.9,61.0,,1011.9,1080.0,Estonia,59.437,24.7536
2016-12-01 00:00:00,0.9,-1.3,2.5,31.0,,1012.6,1500.0,Estonia,59.437,24.7536
2016-01-01 00:00:00,-8.8,-11.4,-6.2,52.0,,1010.4,,Finland,60.1699,24.9384
2016-02-01 00:00:00,0.3,-1.4,1.9,76.0,,1002.9,,Finland,60.1699,24.9384
2016-03-01 00:00:00,0.9,-1.2,3.5,14.0,,1014.6,,Finland,60.1699,24.9384
2016-04-01 00:00:00,4.8,2.0,8.4,72.0,,1010.5,,Finland,60.1699,24.9384
2016-05-01 00:00:00,13.8,9.2,17.9,8.0,,1016.9,,Finland,60.1699,24.9384
2016-06-01 00:00:00,15.3,11.6,19.2,140.0,,1012.5,,Finland,60.1699,24.9384
2016-07-01 00:00:00,17.8,14.8,21.3,62.0,,1009.9,,Finland,60.1699,24.9384
2016-08-01 00:00:00,16.4,13.8,19.2,68.0,,1012.4,,Finland,60.1699,24.9384
2016-09-01 00:00:00,13.3,9.9,16.7,58.0,,1015.8,,Finland,60.1699,24.9384
2016-10-01 00:00:00,5.6,3.6,7.8,25.0,,1028.0,,Finland,60.1699,24.9384
2016-11-01 00:00:00,0.0,-2.0,1.9,68.0,,1012.0,,Finland,60.1699,24.9384
2016-12-01 00:00:00,0.2,-1.9,2.4,14.0,,1011.3,,Finland,60.1699,24.9384
2016-01-01 00:00:00,6.1,3.9,8.3,50.0,,1014.0,2940.0,France,48.8566,2.3522
2016-02-01 00:00:00,6.7,4.2,9.5,48.0,,1013.3,5040.0,France,48.8566,2.3522
2016-03-01 00:00:00,7.5,4.7,10.6,88.0,,1015.1,7440.0,France,48.8566,2.3522
2016-04-01 00:00:00,10.5,7.1,14.5,43.0,,1013.6,9240.0,France,48.8566,2.3522
2016-05-01 00:00:00,15.2,11.3,19.3,152.0,,1014.0,9900.0,France,48.8566,2.3522
2016-06-01 00:00:00,17.9,14.8,21.5,88.0,,1015.3,7800.0,France,48.8566,2.3522
2016-07-01 00:00:00,21.0,16.7,25.3,13.0,,1018.9,14760.0,France,48.8566,2.3522
2016-08-01 00:00:00,21.6,16.6,26.8,30.0,,1019.6,15480.0,France,48.8566,2.3522
2016-09-01 00:00:00,19.1,15.2,23.6,37.0,,1018.8,10020.0,France,48.8566,2.3522
2016-10-01 00:00:00,11.8,8.9,15.5,26.0,,1021.0,8220.0,France,48.8566,2.3522
2016-11-01 00:00:00,8.2,4.8,10.5,63.0,,1015.5,4680.0,France,48.8566,2.3522
2016-12-01 00:00:00,5.0,2.7,7.7,16.0,,1030.2,6600.0,France,48.8566,2.3522
2016-01-01 00:00:00,2.5,-1.2,7.8,21.0,,1019.8,,Georgia,41.7151,44.8271
2016-02-01 00:00:00,6.0,2.3,10.9,24.0,,1023.0,,Georgia,41.7151,44.8271
2016-03-01 00:00:00,8.9,4.4,14.2,56.0,,1015.1,,Georgia,41.7151,44.8271
2016-04-01 00:00:00,13.5,8.8,19.8,17.0,,1015.5,,Georgia,41.7151,44.8271
2016-05-01 00:00:00,17.3,12.7,23.3,86.0,,1012.0,,Georgia,41.7151,44.8271
2016-06-01 00:00:00,21.5,16.6,27.6,147.0,,1012.0,,Georgia,41.7151,44.8271
2016-07-01 00:00:00,23.8,19.1,29.3,1.0,,1009.9,,Georgia,41.7151,44.8271
2016-08-01 00:00:00,26.7,21.0,33.0,0.0,,1011.8,,Georgia,41.7151,44.8271
2016-09-01 00:00:00,19.4,13.8,25.8,48.0,,1013.7,,Georgia,41.7151,44.8271
2016-10-01 00:00:00,11.8,8.3,16.5,59.0,,1022.5,,Georgia,41.7151,44.8271
2016-11-01 00:00:00,6.0,2.7,11.4,64.0,,1026.1,,Georgia,41.7151,44.8271
2016-12-01 00:00:00,1.0,-2.5,5.9,19.0,,1023.5,,Georgia,41.7151,44.8271
2016-01-01 00:00:00,0.1,-2.6,2.4,40.7,,1013.4,2676.0,Germany,52.52,13.405
2016-02-01 00:00:00,4.2,1.4,7.2,44.9,,1010.0,3534.0,Germany,52.52,13.405
2016-03-01 00:00:00,5.2,1.9,8.7,23.1,,1015.1,5778.0,Germany,52.52,13.405
2016-04-01 00:00:00,9.4,4.6,14.0,33.0,,1012.5,10434.0,Germany,52.52,13.405
2016-05-01 00:00:00,16.2,10.5,21.5,43.3,,1014.3,14736.0,Germany,52.52,13.405
2016-06-01 00:00:00,19.7,14.2,24.8,55.9,,1013.3,15138.0,Germany,52.52,13.405
2016-07-01 00:00:00,20.6,15.7,25.8,62.9,,1015.8,11946.0,Germany,52.52,13.405
2016-08-01 00:00:00,19.1,14.0,24.4,36.2,,1018.6,12492.0,Germany,52.52,13.405
2016-09-01 00:00:00,18.6,12.9,24.6,12.9,,1018.5,14568.0,Germany,52.52,13.405
2016-10-01 00:00:00,9.1,6.4,11.5,40.0,,1021.6,2772.0,Germany,52.52,13.405
2016-11-01 00:00:00,4.2,1.3,7.3,38.4,,1016.1,3888.0,Germany,52.52,13.405
2016-12-01 00:00:00,3.4,0.8,5.6,46.4,,1027.4,2994.0,Germany,52.52,13.405
2016-01-01 00:00:00,10.8,7.3,13.8,22.0,,1018.8,8880.0,Greece,37.9838,23.7275
2016-02-01 00:00:00,14.5,10.3,18.2,19.0,,1018.4,10260.0,Greece,37.9838,23.7275
2016-03-01 00:00:00,14.1,10.8,17.7,81.0,,1013.1,10980.0,Greece,37.9838,23.7275
2016-04-01 00:00:00,19.6,14.0,24.1,0.0,,1013.2,17460.0,Greece,37.9838,23.7275
2016-05-01 00:00:00,21.3,16.4,25.0,9.0,,1012.5,16440.0,Greece,37.9838,23.7275
2016-06-01 00:00:00,27.7,22.6,31.9,22.0,,1011.5,18240.0,Greece,37.9838,23.7275
2016-07-01 00:00:00,29.8,24.6,33.0,0.5,,1011.4,20940.0,Greece,37.9838,23.7275
2016-08-01 00:00:00,29.3,24.3,33.2,0.0,,1012.2,19980.0,Greece,37.9838,23.7275
2016-09-01 00:00:00,24.8,20.4,28.5,30.0,,1015.4,15480.0,Greece,37.9838,23.7275
2016-10-01 00:00:00,20.3,16.8,23.7,33.0,,1018.0,10920.0,Greece,37.9838,23.7275
2016-11-01 00:00:00,15.8,12.6,19.1,100.0,,1019.5,9780.0,Greece,37.9838,23.7275
2016-12-01 00:00:00,9.0,6.2,11.7,23.0,,1025.1,9720.0,Greece,37.9838,23.7275
2016-01-01 00:00:00,-1.0,-3.6,1.9,62.0,,1018.2,3900.0,Hungary,47.4979,19.0402
2016-02-01 00:00:00,5.8,2.5,9.8,107.0,,1014.6,5280.0,Hungary,47.4979,19.0402
2016-03-01 00:00:00,7.3,2.8,12.2,34.0,,1014.2,9480.0,Hungary,47.4979,19.0402
2016-04-01 00:00:00,13.0,6.9,19.2,12.0,,1012.5,14460.0,Hungary,47.4979,19.0402
2016-05-01 00:00:00,16.4,11.4,22.0,70.0,,1013.2,14880.0,Hungary,47.4979,19.0402
2016-06-01 00:00:00,21.2,15.7,26.7,59.0,,1013.3,17880.0,Hungary,47.4979,19.0402
2016-07-01 00:00:00,22.6,17.1,28.2,167.0,,1015.5,18360.0,Hungary,47.4979,19.0402
2016-08-01 00:00:00,20.8,15.6,26.5,51.0,,1018.6,18900.0,Hungary,47.4979,19.0402
2016-09-01 00:00:00,18.7,13.2,25.2,41.0,,1018.3,15180.0,Hungary,47.4979,19.0402
2016-10-01 00:00:00,9.6,6.6,13.4,48.0,,1020.8,,Hungary,47.4979,19.0402
2016-11-01 00:00:00,5.1,1.9,9.1,35.0,,1019.3,5820.0,Hungary,47.4979,19.0402
2016-12-01 00:00:00,-0.2,-2.8,3.1,1.0,,1031.0,5580.0,Hungary,47.4979,19.0402
2016-01-01 00:00:00,0.2,-2.0,2.2,62.0,,998.1,1320.0,Iceland,64.1466,-21.9426
2016-02-01 00:00:00,-0.4,-2.9,2.2,65.0,,998.1,5220.0,Iceland,64.1466,-21.9426
2016-03-01 00:00:00,2.7,0.5,5.2,85.0,,1003.0,5160.0,Iceland,64.1466,-21.9426
2016-04-01 00:00:00,4.2,1.5,7.2,30.0,,1015.8,12180.0,Iceland,64.1466,-21.9426
2016-05-01 00:00:00,6.5,4.5,8.7,28.0,,1014.5,8760.0,Iceland,64.1466,-21.9426
2016-06-01 00:00:00,10.9,8.9,13.2,51.0,,1012.4,7920.0,Iceland,64.1466,-21.9426
2016-07-01 00:00:00,12.5,9.8,15.3,40.0,,1010.3,14400.0,Iceland,64.1466,-21.9426
2016-08-01 00:00:00,11.8,9.5,14.2,33.0,,1009.4,11580.0,Iceland,64.1466,-21.9426
2016-09-01 00:00:00,8.7,6.4,11.2,59.0,,997.0,8100.0,Iceland,64.1466,-21.9426
2016-10-01 00:00:00,7.8,6.1,9.5,207.0,,1007.8,2400.0,Iceland,64.1466,-21.9426
2016-11-01 00:00:00,3.5,1.8,5.1,127.0,,1005.1,1080.0,Iceland,64.1466,-21.9426
2016-12-01 00:00:00,3.6,1.7,5.5,147.0,,994.1,180.0,Iceland,64.1466,-21.9426
2016-01-01 00:00:00,5.7,2.7,8.8,118.0,,1003.0,3960.0,Ireland,53.3498,-6.2603
2016-02-01 00:00:00,4.4,1.0,7.9,60.0,,1007.4,4800.0,Ireland,53.3498,-6.2603
2016-03-01 00:00:00,5.9,2.0,9.7,36.0,,1014.3,7320.0,Ireland,53.3498,-6.2603
2016-04-01 00:00:00,6.2,1.9,10.6,88.0,,1012.8,8880.0,Ireland,53.3498,-6.2603
2016-05-01 00:00:00,11.1,6.7,15.6,47.0,,1014.8,12540.0,Ireland,53.3498,-6.2603
2016-06-01 00:00:00,14.0,9.8,18.2,59.0,,1014.0,8580.0,Ireland,53.3498,-6.2603
2016-07-01 00:00:00,15.7,11.5,19.9,44.0,,1015.1,7680.0,Ireland,53.3498,-6.2603
2016-08-01 00:00:00,15.4,11.4,19.5,62.0,,1016.4,8220.0,Ireland,53.3498,-6.2603
2016-09-01 00:00:00,14.3,10.6,18.0,57.0,,1013.6,6720.0,Ireland,53.3498,-6.2603
2016-10-01 00:00:00,10.4,7.2,13.7,60.0,,1021.4,6480.0,Ireland,53.3498,-6.2603
2016-11-01 00:00:00,5.6,2.3,9.0,37.0,,1016.0,5880.0,Ireland,53.3498,-6.2603
2016-12-01 00:00:00,6.7,3.3,10.1,47.0,,1023.3,3660.0,Ireland,53.3498,-6.2603
2016-01-01 00:00:00,9.3,5.5,13.7,62.0,,1017.7,,Italy,41.9028,12.4964
2016-02-01 00:00:00,11.6,8.4,15.0,130.0,,1014.2,,Italy,41.9028,12.4964
2016-03-01 00:00:00,11.2,7.0,15.5,50.0,,1011.2,,Italy,41.9028,12.4964
2016-04-01 00:00:00,16.1,11.4,21.0,28.0,,1012.2,,Italy,41.9028,12.4964
2016-05-01 00:00:00,17.4,12.7,22.2,55.0,,1013.0,,Italy,41.9028,12.4964
2016-06-01 00:00:00,21.8,16.7,27.0,24.0,,1013.9,,Italy,41.9028,12.4964
2016-07-01 00:00:00,25.7,20.1,31.5,9.0,,1015.4,,Italy,41.9028,12.4964
2016-08-01 00:00:00,24.8,19.8,30.3,57.0,,1016.1,,Italy,41.9028,12.4964
2016-09-01 00:00:00,21.3,16.9,26.5,134.0,,1016.4,,Italy,41.9028,12.4964
2016-10-01 00:00:00,17.1,13.4,21.5,200.0,,1016.9,,Italy,41.9028,12.4964
2016-11-01 00:00:00,13.1,9.5,16.8,168.0,,1016.3,,Italy,41.9028,12.4964
2016-12-01 00:00:00,8.4,4.2,13.4,29.0,,1026.4,,Italy,41.9028,12.4964
2016-01-01 00:00:00,-14.5,-18.8,-9.7,21.0,,1031.5,,Kazakhstan,51.1694,71.4491
2016-02-01 00:00:00,-7.5,-11.1,-3.7,8.0,,1032.5,,Kazakhstan,51.1694,71.4491
2016-03-01 00:00:00,-0.6,-3.8,3.3,22.0,,1020.6,,Kazakhstan,51.1694,71.4491
2016-04-01 00:00:00,9.8,4.6,15.6,33.0,,1018.4,,Kazakhstan,51.1694,71.4491
2016-05-01 00:00:00,14.2,7.3,21.1,12.0,,1017.5,,Kazakhstan,51.1694,71.4491
2016-06-01 00:00:00,18.3,12.8,24.5,74.0,,1009.6,,Kazakhstan,51.1694,71.4491
2016-07-01 00:00:00,19.8,15.2,25.3,105.0,,1005.1,,Kazakhstan,51.1694,71.4491
2016-08-01 00:00:00,20.1,13.1,26.6,4.0,,1018.7,,Kazakhstan,51.1694,71.4491
2016-09-01 00:00:00,15.4,9.2,22.0,27.0,,1014.5,,Kazakhstan,51.1694,71.4491
2016-10-01 00:00:00,0.5,-1.9,3.9,30.0,,1027.6,,Kazakhstan,51.1694,71.4491
2016-11-01 00:00:00,-10.5,-13.6,-6.9,33.0,,1031.2,,Kazakhstan,51.1694,71.4491
2016-12-01 00:00:00,-10.0,-14.7,-5.8,49.0,,1022.0,,Kazakhstan,51.1694,71.4491
2016-01-01 00:00:00,1.5,-1.7,6.9,41.3,,1019.5,6240.0,Kosovo,42.6629,21.1655
2016-02-01 00:00:00,8.5,4.7,14.3,,,1016.9,,Kosovo,42.6629,21.1655
2016-03-01 00:00:00,8.8,4.0,14.6,,,1011.8,,Kosovo,42.6629,21.1655
2016-04-01 00:00:00,15.2,9.1,22.7,20.5,,1012.7,13320.0,Kosovo,42.6629,21.1655
2016-05-01 00:00:00,16.2,11.0,22.3,78.8,,1012.5,13560.0,Kosovo,42.6629,21.1655
2016-06-01 00:00:00,22.9,16.8,29.8,33.5,,1012.4,16920.0,Kosovo,42.6629,21.1655
2016-07-01 00:00:00,24.7,18.5,31.9,66.4,,1013.6,20700.0,Kosovo,42.6629,21.1655
2016-08-01 00:00:00,23.1,17.0,30.5,,,1015.6,18000.0,Kosovo,42.6629,21.1655
2016-09-01 00:00:00,18.7,13.1,25.7,,,1017.0,12600.0,Kosovo,42.6629,21.1655
2016-10-01 00:00:00,12.9,8.9,17.9,68.9,,1020.1,7500.0,Kosovo,42.6629,21.1655
2016-11-01 00:00:00,6.5,3.2,11.3,80.0,,1021.1,6000.0,Kosovo,42.6629,21.1655
2016-12-01 00:00:00,0.9,-3.1,6.5,,,1029.7,6360.0,Kosovo,42.6629,21.1655
2016-01-01 00:00:00,1.3,-2.6,7.8,55.0,,1025.8,7740.0,Kyrgyzstan,42.8746,74.5698
2016-02-01 00:00:00,3.1,-2.1,10.5,12.0,,1029.4,12960.0,Kyrgyzstan,42.8746,74.5698
2016-03-01 00:00:00,10.8,,17.1,55.0,,1017.3,,Kyrgyzstan,42.8746,74.5698
2016-04-01 00:00:00,13.3,9.1,18.5,91.0,,1017.7,6300.0,Kyrgyzstan,42.8746,74.5698
2016-05-01 00:00:00,17.7,13.3,23.7,125.0,,1012.6,14220.0,Kyrgyzstan,42.8746,74.5698
2016-06-01 00:00:00,23.8,18.4,30.1,62.0,,1008.8,18900.0,Kyrgyzstan,42.8746,74.5698
2016-07-01 00:00:00,24.7,19.1,31.5,87.0,,1005.2,18360.0,Kyrgyzstan,42.8746,74.5698
2016-08-01 00:00:00,23.8,,31.2,0.0,,1008.9,20880.0,Kyrgyzstan,42.8746,74.5698
2016-09-01 00:00:00,21.3,,28.7,14.0,,1011.4,,Kyrgyzstan,42.8746,74.5698
2016-10-01 00:00:00,7.7,,13.8,79.0,,1025.5,,Kyrgyzstan,42.8746,74.5698
2016-11-01 00:00:00,2.0,,8.6,62.0,,1029.4,7980.0,Kyrgyzstan,42.8746,74.5698
2016-12-01 00:00:00,1.6,,7.0,68.0,,1025.9,4980.0,Kyrgyzstan,42.8746,74.5698
2016-01-01 00:00:00,-6.7,-9.8,-4.1,34.0,,1012.5,2820.0,Latvia,56.9496,24.1052
2016-02-01 00:00:00,1.7,-0.1,3.9,67.0,,1006.6,4560.0,Latvia,56.9496,24.1052
2016-03-01 00:00:00,1.9,-1.2,6.3,24.0,,1015.2,7200.0,Latvia,56.9496,24.1052
2016-04-01 00:00:00,6.5,1.7,13.4,65.0,,1011.6,10740.0,Latvia,56.9496,24.1052
2016-05-01 00:00:00,14.3,7.7,22.1,61.0,,1016.3,20760.0,Latvia,56.9496,24.1052
2016-06-01 00:00:00,16.5,10.9,23.0,102.0,,1013.8,18840.0,Latvia,56.9496,24.1052
2016-07-01 00:00:00,17.9,13.8,23.9,71.0,,1012.4,15180.0,Latvia,56.9496,24.1052
2016-08-01 00:00:00,16.8,12.5,22.1,68.0,,1015.2,13140.0,Latvia,56.9496,24.1052
2016-09-01 00:00:00,14.1,9.3,19.3,18.0,,1018.4,13140.0,Latvia,56.9496,24.1052
2016-10-01 00:00:00,5.0,2.7,7.7,56.0,,1025.1,4860.0,Latvia,56.9496,24.1052
2016-11-01 00:00:00,1.3,-0.7,3.1,62.0,,1012.8,1920.0,Latvia,56.9496,24.1052
2016-12-01 00:00:00,1.7,-0.4,3.6,19.0,,1017.1,1560.0,Latvia,56.9496,24.1052
2016-01-01 00:00:00,-7.6,-10.4,-5.0,36.0,,1014.8,3240.0,Lithuania,54.6872,25.2797
2016-02-01 00:00:00,1.0,-0.8,3.4,68.0,,1009.9,2760.0,Lithuania,54.6872,25.2797
2016-03-01 00:00:00,1.4,-1.5,5.0,58.0,,1015.0,5520.0,Lithuania,54.6872,25.2797
2016-04-01 00:00:00,7.1,3.2,12.1,41.0,,1012.0,8160.0,Lithuania,54.6872,25.2797
2016-05-01 00:00:00,14.8,8.3,20.9,32.0,,1015.4,19020.0,Lithuania,54.6872,25.2797
2016-06-01 00:00:00,17.9,11.9,23.6,29.0,,1014.4,18000.0,Lithuania,54.6872,25.2797
2016-07-01 00:00:00,18.2,14.2,23.4,88.0,,1013.3,10200.0,Lithuania,54.6872,25.2797
2016-08-01 00:00:00,17.2,12.7,22.4,63.0,,1017.3,12420.0,Lithuania,54.6872,25.2797
2016-09-01 00:00:00,13.2,8.9,18.3,36.0,,1019.1,10020.0,Lithuania,54.6872,25.2797
2016-10-01 00:00:00,5.1,2.9,8.2,102.0,,1024.0,4980.0,Lithuania,54.6872,25.2797
2016-11-01 00:00:00,0.5,-1.5,2.2,65.0,,1015.2,600.0,Lithuania,54.6872,25.2797
2016-12-01 00:00:00,-0.6,-3.4,1.6,67.0,,1019.8,1140.0,Lithuania,54.6872,25.2797
2016-01-01 00:00:00,2.3,-0.2,4.6,85.0,,1014.6,2460.0,Luxembourg,49.6116,6.1319
2016-02-01 00:00:00,3.3,0.7,6.1,78.0,,1012.7,4020.0,Luxembourg,49.6116,6.1319
2016-03-01 00:00:00,4.1,0.9,7.7,58.0,,1015.2,6540.0,Luxembourg,49.6116,6.1319
2016-04-01 00:00:00,7.7,3.5,12.4,75.0,,1013.7,9120.0,Luxembourg,49.6116,6.1319
2016-05-01 00:00:00,13.4,8.6,18.1,120.0,,1013.7,11940.0,Luxembourg,49.6116,6.1319
2016-06-01 00:00:00,16.4,12.6,20.9,135.0,,1014.4,9480.0,Luxembourg,49.6116,6.1319
2016-07-01 00:00:00,18.7,14.0,23.8,144.0,,1018.1,14040.0,Luxembourg,49.6116,6.1319
2016-08-01 00:00:00,18.8,13.6,24.2,21.0,,1019.5,15240.0,Luxembourg,49.6116,6.1319
2016-09-01 00:00:00,17.4,12.5,22.8,29.0,,1018.9,13200.0,Luxembourg,49.6116,6.1319
2016-10-01 00:00:00,8.9,5.9,12.5,38.0,,1021.5,5940.0,Luxembourg,49.6116,6.1319
2016-11-01 00:00:00,4.9,2.4,7.5,75.0,,1016.3,3540.0,Luxembourg,49.6116,6.1319
2016-12-01 00:00:00,1.5,-0.9,4.0,7.0,,1031.5,4020.0,Luxembourg,49.6116,6.1319
2016-01-01 00:00:00,1.5,-1.7,6.9,41.3,,1019.5,6240.0,Macedonia,41.9973,21.428
2016-02-01 00:00:00,8.5,4.7,14.3,26.0,,1016.9,,Macedonia,41.9973,21.428
2016-03-01 00:00:00,8.8,4.0,14.6,94.0,,1011.8,,Macedonia,41.9973,21.428
2016-04-01 00:00:00,15.2,9.1,22.7,20.5,,1012.7,13320.0,Macedonia,41.9973,21.428
2016-05-01 00:00:00,16.2,11.0,22.3,78.8,,1012.5,13560.0,Macedonia,41.9973,21.428
2016-06-01 00:00:00,22.9,16.8,29.8,33.5,,1012.4,16920.0,Macedonia,41.9973,21.428
2016-07-01 00:00:00,24.7,18.5,31.9,66.4,,1013.6,20700.0,Macedonia,41.9973,21.428
2016-08-01 00:00:00,23.1,17.0,30.5,13.0,,1015.6,18000.0,Macedonia,41.9973,21.428
2016-09-01 00:00:00,18.7,13.1,25.7,27.0,,1017.0,12600.0,Macedonia,41.9973,21.428
2016-10-01 00:00:00,12.9,8.9,17.9,68.9,,1020.1,7500.0,Macedonia,41.9973,21.428
2016-11-01 00:00:00,6.5,3.2,11.3,80.0,,1021.1,6000.0,Macedonia,41.9973,21.428
2016-12-01 00:00:00,0.9,-3.1,6.5,0.0,,1029.7,6360.0,Macedonia,41.9973,21.428
2016-01-01 00:00:00,13.6,10.4,16.9,28.0,,1020.8,12660.0,Malta,35.8989,14.5146
2016-02-01 00:00:00,15.3,11.9,18.7,3.0,,1018.3,12000.0,Malta,35.8989,14.5146
2016-03-01 00:00:00,15.0,11.3,18.8,23.0,,1013.3,14940.0,Malta,35.8989,14.5146
2016-04-01 00:00:00,18.4,14.7,22.2,3.0,,1013.6,15840.0,Malta,35.8989,14.5146
2016-05-01 00:00:00,20.1,16.1,24.2,12.0,,1014.8,17460.0,Malta,35.8989,14.5146
2016-06-01 00:00:00,24.2,20.0,28.5,33.0,,1014.4,18480.0,Malta,35.8989,14.5146
2016-07-01 00:00:00,26.6,21.8,31.5,0.5,,1015.5,22260.0,Malta,35.8989,14.5146
2016-08-01 00:00:00,26.6,22.4,30.8,12.0,,1015.7,20040.0,Malta,35.8989,14.5146
2016-09-01 00:00:00,24.9,21.4,28.3,26.0,,1016.4,14340.0,Malta,35.8989,14.5146
2016-10-01 00:00:00,23.5,20.4,26.6,24.0,,1016.9,11940.0,Malta,35.8989,14.5146
2016-11-01 00:00:00,18.5,15.9,21.1,99.0,,1017.7,9000.0,Malta,35.8989,14.5146
2016-12-01 00:00:00,14.4,11.8,17.1,61.0,,1024.7,9120.0,Malta,35.8989,14.5146
2016-01-01 00:00:00,-3.2,-6.8,0.1,47.0,,1016.8,4260.0,Moldova,47.0105,28.8638
2016-02-01 00:00:00,5.0,1.8,8.8,20.0,,1016.6,6240.0,Moldova,47.0105,28.8638
2016-03-01 00:00:00,6.4,2.3,10.8,41.0,,1013.5,10020.0,Moldova,47.0105,28.8638
2016-04-01 00:00:00,13.4,7.8,19.7,40.0,,1011.1,13020.0,Moldova,47.0105,28.8638
2016-05-01 00:00:00,15.8,10.2,21.3,99.0,,1011.9,15180.0,Moldova,47.0105,28.8638
2016-06-01 00:00:00,21.4,16.5,26.2,159.0,,1013.1,16680.0,Moldova,47.0105,28.8638
2016-07-01 00:00:00,23.5,16.7,29.5,7.0,,1013.4,22140.0,Moldova,47.0105,28.8638
2016-08-01 00:00:00,23.1,17.0,28.8,31.0,,1015.9,19800.0,Moldova,47.0105,28.8638
2016-09-01 00:00:00,18.6,12.7,24.6,18.0,,1017.1,15600.0,Moldova,47.0105,28.8638
2016-10-01 00:00:00,8.1,4.6,12.1,139.0,,1022.2,7260.0,Moldova,47.0105,28.8638
2016-11-01 00:00:00,4.0,1.1,6.8,37.0,,1019.8,4440.0,Moldova,47.0105,28.8638
2016-12-01 00:00:00,0.0,-2.9,2.7,11.0,,1024.5,5160.0,Moldova,47.0105,28.8638
2016-01-01 00:00:00,6.5,2.7,10.7,240.0,,1017.7,5280.0,Montenegro,42.4304,19.2594
2016-02-01 00:00:00,10.9,7.1,15.3,306.0,,1016.4,4140.0,Montenegro,42.4304,19.2594
2016-03-01 00:00:00,11.5,7.3,16.2,316.0,,1012.9,7860.0,Montenegro,42.4304,19.2594
2016-04-01 00:00:00,17.2,11.3,23.5,83.0,,1013.3,14280.0,Montenegro,42.4304,19.2594
2016-05-01 00:00:00,18.6,13.3,23.6,268.0,,1013.2,14100.0,Montenegro,42.4304,19.2594
2016-06-01 00:00:00,24.7,19.0,30.3,159.0,,1013.1,17100.0,Montenegro,42.4304,19.2594
2016-07-01 00:00:00,28.3,21.9,34.2,78.0,,1013.4,21180.0,Montenegro,42.4304,19.2594
2016-08-01 00:00:00,27.6,21.6,33.9,4.0,,1014.3,20040.0,Montenegro,42.4304,19.2594
2016-09-01 00:00:00,22.1,17.0,28.6,84.0,,1016.1,13020.0,Montenegro,42.4304,19.2594
2016-10-01 00:00:00,16.2,11.7,21.3,226.0,,1018.5,9060.0,Montenegro,42.4304,19.2594
2016-11-01 00:00:00,10.9,6.3,16.1,261.0,,1018.9,7260.0,Montenegro,42.4304,19.2594
2016-12-01 00:00:00,5.3,-0.1,12.7,1.0,,1027.4,8640.0,Montenegro,42.4304,19.2594
2016-01-01 00:00:00,5.0,2.4,7.1,116.0,,1009.5,3480.0,Netherlands,52.3676,4.9041
2016-02-01 00:00:00,4.7,1.9,7.4,82.0,,1009.5,6360.0,Netherlands,52.3676,4.9041
2016-03-01 00:00:00,5.5,2.2,8.9,55.0,,1014.3,8580.0,Netherlands,52.3676,4.9041
2016-04-01 00:00:00,8.8,5.1,12.2,83.0,,1012.1,11700.0,Netherlands,52.3676,4.9041
2016-05-01 00:00:00,14.5,10.3,18.5,46.0,,1014.2,13020.0,Netherlands,52.3676,4.9041
2016-06-01 00:00:00,16.5,13.0,20.2,155.0,,1013.7,9600.0,Netherlands,52.3676,4.9041
2016-07-01 00:00:00,18.3,14.7,21.9,73.0,,1016.6,12360.0,Netherlands,52.3676,4.9041
2016-08-01 00:00:00,18.1,14.4,21.8,72.0,,1018.1,14580.0,Netherlands,52.3676,4.9041
2016-09-01 00:00:00,17.9,14.1,22.1,18.0,,1017.6,12660.0,Netherlands,52.3676,4.9041
2016-10-01 00:00:00,10.4,7.3,13.8,47.0,,1021.3,7920.0,Netherlands,52.3676,4.9041
2016-11-01 00:00:00,5.9,2.7,8.8,75.0,,1014.1,4980.0,Netherlands,52.3676,4.9041
2016-12-01 00:00:00,5.1,2.6,7.6,17.0,,1027.9,3540.0,Netherlands,52.3676,4.9041
2016-01-01 00:00:00,11.2,6.7,16.0,52.0,,1019.0,10380.0,North Cyprus,35.1856,33.3823
2016-02-01 00:00:00,14.5,9.1,20.1,14.0,,1019.4,12900.0,North Cyprus,35.1856,33.3823
2016-03-01 00:00:00,15.8,9.9,21.2,14.0,,1013.9,15780.0,North Cyprus,35.1856,33.3823
2016-04-01 00:00:00,19.9,13.8,25.5,3.0,,1012.6,18780.0,North Cyprus,35.1856,33.3823
2016-05-01 00:00:00,21.8,16.6,27.0,0.5,,1011.6,19800.0,North Cyprus,35.1856,33.3823
2016-06-01 00:00:00,26.8,21.3,32.0,0.0,,1008.6,23340.0,North Cyprus,35.1856,33.3823
2016-07-01 00:00:00,28.6,23.4,33.6,0.0,,1005.6,24720.0,North Cyprus,35.1856,33.3823
2016-08-01 00:00:00,28.6,23.5,33.4,0.0,,1007.7,23280.0,North Cyprus,35.1856,33.3823
2016-09-01 00:00:00,26.3,21.0,31.3,0.0,,1011.4,20220.0,North Cyprus,35.1856,33.3823
2016-10-01 00:00:00,23.4,18.2,28.8,24.0,,1014.4,18180.0,North Cyprus,35.1856,33.3823
2016-11-01 00:00:00,17.9,13.0,23.1,14.0,,1019.0,14280.0,North Cyprus,35.1856,33.3823
2016-12-01 00:00:00,11.8,7.5,16.5,102.0,,1019.1,9000.0,North Cyprus,35.1856,33.3823
2016-01-01 00:00:00,-5.8,-8.0,-3.4,37.0,,1010.1,,Norway,59.9139,10.7522
2016-02-01 00:00:00,-0.9,-3.8,2.6,50.0,,1001.3,6600.0,Norway,59.9139,10.7522
2016-03-01 00:00:00,2.4,-0.5,6.0,47.0,,1012.2,6720.0,Norway,59.9139,10.7522
2016-04-01 00:00:00,5.1,1.5,9.5,98.0,,1009.1,9660.0,Norway,59.9139,10.7522
2016-05-01 00:00:00,11.4,6.7,16.1,52.0,,1016.2,,Norway,59.9139,10.7522
2016-06-01 00:00:00,15.6,11.2,19.7,67.0,,1012.4,,Norway,59.9139,10.7522
2016-07-01 00:00:00,16.1,12.0,20.7,80.0,,1009.4,13920.0,Norway,59.9139,10.7522
2016-08-01 00:00:00,14.7,11.9,20.2,144.0,,1011.5,11280.0,Norway,59.9139,10.7522
2016-09-01 00:00:00,14.3,10.4,18.6,41.0,,1014.8,12120.0,Norway,59.9139,10.7522
2016-10-01 00:00:00,5.4,3.2,8.1,22.0,,1028.3,5940.0,Norway,59.9139,10.7522
2016-11-01 00:00:00,0.0,-1.4,3.2,66.0,,1011.7,3240.0,Norway,59.9139,10.7522
2016-12-01 00:00:00,0.9,-1.5,3.6,20.0,,1015.8,2880.0,Norway,59.9139,10.7522
2016-01-01 00:00:00,-2.9,-5.7,-0.3,21.0,,1015.2,3480.0,Poland,52.2297,21.0122
2016-02-01 00:00:00,3.6,0.8,6.4,67.0,,1010.9,2880.0,Poland,52.2297,21.0122
2016-03-01 00:00:00,4.2,0.8,7.8,33.0,,1014.8,6000.0,Poland,52.2297,21.0122
2016-04-01 00:00:00,9.7,5.0,14.7,31.0,,1012.5,9840.0,Poland,52.2297,21.0122
2016-05-01 00:00:00,16.1,10.3,21.7,28.0,,1014.3,17160.0,Poland,52.2297,21.0122
2016-06-01 00:00:00,19.5,13.8,25.3,58.0,,1014.2,19440.0,Poland,52.2297,21.0122
2016-07-01 00:00:00,20.0,15.3,25.3,71.0,,1015.0,13680.0,Poland,52.2297,21.0122
2016-08-01 00:00:00,18.8,13.9,24.4,61.0,,1018.7,15060.0,Poland,52.2297,21.0122
2016-09-01 00:00:00,16.4,10.5,22.4,11.0,,1019.3,14280.0,Poland,52.2297,21.0122
2016-10-01 00:00:00,7.6,5.3,10.5,110.0,,1021.7,2820.0,Poland,52.2297,21.0122
2016-11-01 00:00:00,3.2,1.0,5.8,41.0,,1016.6,2880.0,Poland,52.2297,21.0122
2016-12-01 00:00:00,1.3,-1.1,3.2,63.0,,1024.8,2520.0,Poland,52.2297,21.0122
2016-01-01 00:00:00,13.5,10.6,16.6,120.0,,1023.1,7260.0,Portugal,38.7223,-9.1393
2016-02-01 00:00:00,12.6,9.7,15.9,95.0,,1023.6,9900.0,Portugal,38.7223,-9.1393
2016-03-01 00:00:00,12.8,9.8,17.0,45.0,,1019.2,13980.0,Portugal,38.7223,-9.1393
2016-04-01 00:00:00,14.6,11.7,18.8,111.0,,1013.8,13800.0,Portugal,38.7223,-9.1393
2016-05-01 00:00:00,17.2,13.9,21.2,117.0,,1014.4,16440.0,Portugal,38.7223,-9.1393
2016-06-01 00:00:00,21.6,17.2,26.6,1.0,,1017.3,22020.0,Portugal,38.7223,-9.1393
2016-07-01 00:00:00,24.3,19.3,29.9,1.0,,1016.3,23040.0,Portugal,38.7223,-9.1393
2016-08-01 00:00:00,24.7,19.6,30.7,0.0,,1017.0,22080.0,Portugal,38.7223,-9.1393
2016-09-01 00:00:00,22.6,18.1,28.0,18.0,,1018.3,18300.0,Portugal,38.7223,-9.1393
2016-10-01 00:00:00,18.9,15.6,23.0,54.0,,1014.9,11280.0,Portugal,38.7223,-9.1393
2016-11-01 00:00:00,14.7,11.8,17.9,145.0,,1016.1,9780.0,Portugal,38.7223,-9.1393
2016-12-01 00:00:00,12.8,9.9,15.6,93.0,,1024.4,11880.0,Portugal,38.7223,-9.1393
2016-01-01 00:00:00,-3.8,-8.5,1.2,69.0,,1018.3,6600.0,Romania,44.4268,26.1025
2016-02-01 00:00:00,7.2,3.6,11.9,20.0,,1017.7,6060.0,Romania,44.4268,26.1025
2016-03-01 00:00:00,8.5,1.8,12.7,68.0,,1014.2,8520.0,Romania,44.4268,26.1025
2016-04-01 00:00:00,15.1,9.6,21.2,65.0,,1012.3,12180.0,Romania,44.4268,26.1025
2016-05-01 00:00:00,16.6,11.8,22.6,94.0,,1012.8,11220.0,Romania,44.4268,26.1025
2016-06-01 00:00:00,23.3,17.9,29.0,88.0,,1013.5,14940.0,Romania,44.4268,26.1025
2016-07-01 00:00:00,25.2,19.0,32.0,5.0,,1014.5,17160.0,Romania,44.4268,26.1025
2016-08-01 00:00:00,24.3,18.9,30.7,70.0,,1016.8,13980.0,Romania,44.4268,26.1025
2016-09-01 00:00:00,19.9,14.5,26.7,73.0,,1018.2,12120.0,Romania,44.4268,26.1025
2016-10-01 00:00:00,10.8,7.8,14.9,128.0,,1022.3,4680.0,Romania,44.4268,26.1025
2016-11-01 00:00:00,6.4,3.4,10.3,32.0,,1021.1,4140.0,Romania,44.4268,26.1025
2016-12-01 00:00:00,0.6,-2.6,4.9,3.0,,1027.8,6420.0,Romania,44.4268,26.1025
2016-01-01 00:00:00,-10.1,-12.9,-7.6,77.0,,1014.6,,Russia,55.7558,37.6173
2016-02-01 00:00:00,-0.6,-2.8,1.5,64.0,,1014.7,,Russia,55.7558,37.6173
2016-03-01 00:00:00,0.3,-3.1,4.0,50.0,,1015.3,,Russia,55.7558,37.6173
2016-04-01 00:00:00,8.1,3.7,12.7,34.0,,1011.3,,Russia,55.7558,37.6173
2016-05-01 00:00:00,15.0,9.2,20.5,63.0,,1015.1,,Russia,55.7558,37.6173
2016-06-01 00:00:00,18.2,13.1,23.0,62.0,,1013.8,,Russia,55.7558,37.6173
2016-07-01 00:00:00,20.9,16.1,26.3,121.0,,1011.0,,Russia,55.7558,37.6173
2016-08-01 00:00:00,19.5,14.5,24.9,167.0,,1016.4,,Russia,55.7558,37.6173
2016-09-01 00:00:00,11.4,8.9,14.4,58.0,,1014.2,,Russia,55.7558,37.6173
2016-10-01 00:00:00,4.4,2.9,6.3,49.0,,1028.7,,Russia,55.7558,37.6173
2016-11-01 00:00:00,-2.7,-4.6,-1.1,92.0,,1017.7,,Russia,55.7558,37.6173
2016-12-01 00:00:00,-4.6,-6.9,-2.5,45.0,,1014.4,,Russia,55.7558,37.6173
2016-01-01 00:00:00,2.4,-0.6,6.1,46.0,,1018.1,4860.0,Serbia,44.7866,20.4489
2016-02-01 00:00:00,9.0,5.6,13.9,38.0,,1015.1,5940.0,Serbia,44.7866,20.4489
2016-03-01 00:00:00,9.0,5.6,13.3,103.0,,1013.5,9180.0,Serbia,44.7866,20.4489
2016-04-01 00:00:00,15.5,10.1,21.2,54.0,,1012.3,12060.0,Serbia,44.7866,20.4489
2016-05-01 00:00:00,17.4,12.6,22.6,71.0,,1012.6,13560.0,Serbia,44.7866,20.4489
2016-06-01 00:00:00,22.4,17.9,27.6,152.0,,1013.2,16200.0,Serbia,44.7866,20.4489
2016-07-01 00:00:00,24.1,19.3,29.3,35.0,,1015.2,19140.0,Serbia,44.7866,20.4489
2016-08-01 00:00:00,22.2,17.4,28.1,61.0,,1017.7,16620.0,Serbia,44.7866,20.4489
2016-09-01 00:00:00,19.8,15.0,25.5,48.0,,1017.8,13320.0,Serbia,44.7866,20.4489
2016-10-01 00:00:00,11.2,8.1,15.7,77.0,,1020.8,8400.0,Serbia,44.7866,20.4489
2016-11-01 00:00:00,7.6,4.3,12.0,72.0,,1019.6,6360.0,Serbia,44.7866,20.4489
2016-12-01 00:00:00,0.8,-1.7,4.1,3.0,,1031.3,5100.0,Serbia,44.7866,20.4489
2016-01-01 00:00:00,-0.7,-3.5,1.6,,,1017.7,,Slovakia,48.1486,17.1077
2016-02-01 00:00:00,5.9,2.7,9.3,,,1013.6,,Slovakia,48.1486,17.1077
2016-03-01 00:00:00,6.6,2.8,10.5,,,1014.5,,Slovakia,48.1486,17.1077
2016-04-01 00:00:00,11.1,5.9,16.2,,,1012.9,,Slovakia,48.1486,17.1077
2016-05-01 00:00:00,15.8,11.3,20.5,,,1013.3,,Slovakia,48.1486,17.1077
2016-06-01 00:00:00,20.3,15.1,25.3,,,1013.6,,Slovakia,48.1486,17.1077
2016-07-01 00:00:00,22.3,17.3,27.4,,,1016.0,,Slovakia,48.1486,17.1077
2016-08-01 00:00:00,20.0,14.9,25.4,,,1019.3,,Slovakia,48.1486,17.1077
2016-09-01 00:00:00,18.7,12.9,24.9,,,1018.5,,Slovakia,48.1486,17.1077
2016-10-01 00:00:00,9.8,6.6,13.1,,,1021.1,,Slovakia,48.1486,17.1077
2016-11-01 00:00:00,4.6,1.5,7.6,,,1018.9,,Slovakia,48.1486,17.1077
2016-12-01 00:00:00,0.5,-2.3,3.2,,,1031.2,,Slovakia,48.1486,17.1077
2016-01-01 00:00:00,-1.1,-5.1,3.9,76.0,,1018.4,4920.0,Slovenia,46.0569,14.5058
2016-02-01 00:00:00,3.7,0.6,7.2,201.0,,1015.6,3300.0,Slovenia,46.0569,14.5058
2016-03-01 00:00:00,5.6,0.5,11.0,79.0,,1014.7,6660.0,Slovenia,46.0569,14.5058
2016-04-01 00:00:00,10.5,4.0,16.5,93.0,,1013.5,11880.0,Slovenia,46.0569,14.5058
2016-05-01 00:00:00,13.7,7.8,19.6,157.0,,1013.5,11280.0,Slovenia,46.0569,14.5058
2016-06-01 00:00:00,18.3,13.1,24.0,175.0,,1013.9,13440.0,Slovenia,46.0569,14.5058
2016-07-01 00:00:00,21.2,15.3,27.4,86.0,,1015.9,17460.0,Slovenia,46.0569,14.5058
2016-08-01 00:00:00,19.0,12.9,25.5,90.0,,1018.9,16920.0,Slovenia,46.0569,14.5058
2016-09-01 00:00:00,16.6,10.8,23.3,47.0,,1018.7,13620.0,Slovenia,46.0569,14.5058
2016-10-01 00:00:00,8.8,5.0,13.2,135.0,,1021.3,5280.0,Slovenia,46.0569,14.5058
2016-11-01 00:00:00,5.4,2.2,9.7,177.0,,1018.8,3600.0,Slovenia,46.0569,14.5058
2016-12-01 00:00:00,-1.8,-5.8,4.1,0.5,,1032.3,6780.0,Slovenia,46.0569,14.5058
2016-01-01 00:00:00,8.4,5.3,11.5,34.0,,1022.5,7260.0,Spain,40.4168,-3.7038
2016-02-01 00:00:00,8.4,4.5,12.2,39.0,,1019.7,10320.0,Spain,40.4168,-3.7038
2016-03-01 00:00:00,9.6,4.5,14.7,43.0,,1016.0,14340.0,Spain,40.4168,-3.7038
2016-04-01 00:00:00,12.3,7.5,17.1,93.0,,1013.2,13080.0,Spain,40.4168,-3.7038
2016-05-01 00:00:00,16.4,11.1,21.7,55.0,,1013.5,15360.0,Spain,40.4168,-3.7038
2016-06-01 00:00:00,23.8,16.9,30.6,1.0,,1013.2,22140.0,Spain,40.4168,-3.7038
2016-07-01 00:00:00,28.1,21.0,35.1,11.0,,1013.6,22320.0,Spain,40.4168,-3.7038
2016-08-01 00:00:00,27.5,20.6,34.3,0.0,,1014.7,22140.0,Spain,40.4168,-3.7038
2016-09-01 00:00:00,23.0,17.0,29.0,8.0,,1016.3,16500.0,Spain,40.4168,-3.7038
2016-10-01 00:00:00,17.0,12.6,21.4,75.0,,1015.6,11760.0,Spain,40.4168,-3.7038
2016-11-01 00:00:00,9.7,6.2,13.2,96.0,,1016.7,9060.0,Spain,40.4168,-3.7038
2016-12-01 00:00:00,8.3,5.0,11.6,30.0,,1027.5,10020.0,Spain,40.4168,-3.7038
2016-01-01 00:00:00,-4.7,-7.4,-2.3,25.0,,1010.3,3060.0,Sweden,59.3293,18.0686
2016-02-01 00:00:00,-0.1,-3.2,2.8,23.0,,1001.9,6540.0,Sweden,59.3293,18.0686
2016-03-01 00:00:00,2.6,-0.4,5.9,13.0,,1013.5,7080.0,Sweden,59.3293,18.0686
2016-04-01 00:00:00,5.5,1.6,9.5,43.0,,1010.0,11100.0,Sweden,59.3293,18.0686
2016-05-01 00:00:00,12.3,8.5,18.5,14.0,,1016.3,18120.0,Sweden,59.3293,18.0686
2016-06-01 00:00:00,15.8,10.8,19.9,71.0,,1013.0,17640.0,Sweden,59.3293,18.0686
2016-07-01 00:00:00,18.1,12.9,23.0,48.0,,1010.6,18840.0,Sweden,59.3293,18.0686
2016-08-01 00:00:00,16.4,12.8,20.2,51.0,,1012.0,12540.0,Sweden,59.3293,18.0686
2016-09-01 00:00:00,14.6,10.3,18.7,23.0,,1016.4,12360.0,Sweden,59.3293,18.0686
2016-10-01 00:00:00,7.0,4.9,9.0,36.0,,1027.1,5280.0,Sweden,59.3293,18.0686
2016-11-01 00:00:00,1.8,0.1,3.4,106.0,,1011.4,2580.0,Sweden,59.3293,18.0686
2016-12-01 00:00:00,1.8,-0.8,3.7,19.0,,1014.9,3720.0,Sweden,59.3293,18.0686
2016-01-01 00:00:00,2.1,-0.4,5.6,,,1017.8,,Switzerland,46.948,7.4474
2016-02-01 00:00:00,3.7,-0.2,7.5,,,1015.0,,Switzerland,46.948,7.4474
2016-03-01 00:00:00,4.4,-0.7,10.0,,,1015.0,,Switzerland,46.948,7.4474
2016-04-01 00:00:00,8.7,3.6,14.0,,,1013.7,,Switzerland,46.948,7.4474
2016-05-01 00:00:00,12.6,7.0,18.5,,,1014.1,,Switzerland,46.948,7.4474
2016-06-01 00:00:00,16.6,12.1,21.7,,,1015.9,,Switzerland,46.948,7.4474
2016-07-01 00:00:00,19.5,13.5,22.0,,,1019.4,,Switzerland,46.948,7.4474
2016-08-01 00:00:00,18.9,13.5,21.8,,,1020.9,,Switzerland,46.948,7.4474
2016-09-01 00:00:00,16.0,10.7,22.6,,,1019.8,,Switzerland,46.948,7.4474
2016-10-01 00:00:00,7.8,3.6,12.8,,,1020.5,,Switzerland,46.948,7.4474
2016-11-01 00:00:00,4.4,0.8,8.4,,,1017.4,,Switzerland,46.948,7.4474
2016-12-01 00:00:00,-1.1,-4.3,4.0,,,1032.7,,Switzerland,46.948,7.4474
2016-01-01 00:00:00,5.9,1.9,14.3,104.0,,1022.9,6480.0,Tajikistan,38.5598,68.787
2016-02-01 00:00:00,7.4,0.5,17.2,15.0,,1024.6,8940.0,Tajikistan,38.5598,68.787
2016-03-01 00:00:00,13.0,7.5,20.6,150.0,,1016.0,6360.0,Tajikistan,38.5598,68.787
2016-04-01 00:00:00,15.6,8.2,24.1,109.0,,1014.9,9120.0,Tajikistan,38.5598,68.787
2016-05-01 00:00:00,21.3,12.1,29.7,,,1008.8,13260.0,Tajikistan,38.5598,68.787
2016-06-01 00:00:00,25.6,15.0,34.9,5.0,,1004.7,15240.0,Tajikistan,38.5598,68.787
2016-07-01 00:00:00,27.6,17.7,36.7,3.0,,1000.7,14760.0,Tajikistan,38.5598,68.787
2016-08-01 00:00:00,26.2,16.1,36.7,0.5,,1004.1,17400.0,Tajikistan,38.5598,68.787
2016-09-01 00:00:00,22.8,12.6,34.7,0.0,,1008.6,15600.0,Tajikistan,38.5598,68.787
2016-10-01 00:00:00,14.5,6.2,24.7,12.0,,1019.8,9360.0,Tajikistan,38.5598,68.787
2016-11-01 00:00:00,6.5,-0.7,15.8,92.0,,1026.6,6660.0,Tajikistan,38.5598,68.787
2016-12-01 00:00:00,6.3,1.3,13.7,127.0,,1024.7,3960.0,Tajikistan,38.5598,68.787
2016-01-01 00:00:00,6.1,2.0,12.0,37.0,,1019.7,7080.0,Turkmenistan,37.9601,58.3261
2016-02-01 00:00:00,6.6,1.9,12.5,20.0,,1023.8,7080.0,Turkmenistan,37.9601,58.3261
2016-03-01 00:00:00,12.1,7.0,17.9,39.0,,1015.3,,Turkmenistan,37.9601,58.3261
2016-04-01 00:00:00,16.2,10.3,22.5,50.0,,1015.3,10380.0,Turkmenistan,37.9601,58.3261
2016-05-01 00:00:00,24.3,17.7,30.9,52.0,,1010.5,12180.0,Turkmenistan,37.9601,58.3261
2016-06-01 00:00:00,28.3,20.2,35.3,37.0,,1009.2,,Turkmenistan,37.9601,58.3261
2016-07-01 00:00:00,30.1,22.8,37.1,10.0,,1006.9,15420.0,Turkmenistan,37.9601,58.3261
2016-08-01 00:00:00,27.9,17.5,37.1,0.0,,1010.5,21120.0,Turkmenistan,37.9601,58.3261
2016-09-01 00:00:00,24.5,17.0,31.5,4.0,,1011.4,15240.0,Turkmenistan,37.9601,58.3261
2016-10-01 00:00:00,13.1,6.7,20.4,5.0,,1022.8,10380.0,Turkmenistan,37.9601,58.3261
2016-11-01 00:00:00,6.6,1.1,12.9,11.0,,1026.5,8880.0,Turkmenistan,37.9601,58.3261
2016-12-01 00:00:00,5.1,1.3,10.1,20.0,,1022.7,3720.0,Turkmenistan,37.9601,58.3261
2016-01-01 00:00:00,-5.7,-8.1,-3.0,59.0,,1016.4,,Ukraine,50.4501,30.5234
2016-02-01 00:00:00,2.0,-0.3,5.2,60.0,,1016.4,,Ukraine,50.4501,30.5234
2016-03-01 00:00:00,3.9,1.1,7.6,34.0,,1013.9,,Ukraine,50.4501,30.5234
2016-04-01 00:00:00,12.4,7.6,18.0,68.0,,1011.0,,Ukraine,50.4501,30.5234
2016-05-01 00:00:00,15.5,11.4,20.6,143.0,,1013.0,,Ukraine,50.4501,30.5234
2016-06-01 00:00:00,20.6,15.9,25.4,15.0,,1014.2,,Ukraine,50.4501,30.5234
2016-07-01 00:00:00,22.4,17.4,27.9,46.0,,1012.9,,Ukraine,50.4501,30.5234
2016-08-01 00:00:00,21.1,16.2,26.6,27.0,,1017.2,,Ukraine,50.4501,30.5234
2016-09-01 00:00:00,16.1,11.4,21.5,5.0,,1017.6,,Ukraine,50.4501,30.5234
2016-10-01 00:00:00,6.5,3.8,9.8,101.0,,1023.7,,Ukraine,50.4501,30.5234
2016-11-01 00:00:00,1.2,-0.7,3.4,48.0,,1019.5,,Ukraine,50.4501,30.5234
2016-12-01 00:00:00,-1.5,-3.9,0.9,48.0,,1021.3,,Ukraine,50.4501,30.5234
2016-01-01 00:00:00,7.3,3.7,9.2,75.0,,1008.4,3300.0,United Kingdom,51.5074,-0.1278
2016-02-01 00:00:00,6.8,3.2,9.3,44.0,,1010.3,5220.0,United Kingdom,51.5074,-0.1278
2016-03-01 00:00:00,7.4,3.5,10.7,73.0,,1014.5,7380.0,United Kingdom,51.5074,-0.1278
2016-04-01 00:00:00,9.5,4.8,13.4,47.0,,1012.7,10200.0,United Kingdom,51.5074,-0.1278
2016-05-01 00:00:00,14.3,9.7,18.9,60.0,,1014.6,11580.0,United Kingdom,51.5074,-0.1278
2016-06-01 00:00:00,16.5,12.8,20.6,93.0,,1014.4,6120.0,United Kingdom,51.5074,-0.1278
2016-07-01 00:00:00,19.5,14.5,23.9,16.0,,1017.1,10980.0,United Kingdom,51.5074,-0.1278
2016-08-01 00:00:00,19.9,16.1,23.9,22.0,,1018.4,12060.0,United Kingdom,51.5074,-0.1278
2016-09-01 00:00:00,18.7,13.6,22.3,42.0,,1017.1,7320.0,United Kingdom,51.5074,-0.1278
2016-10-01 00:00:00,12.6,8.6,15.9,22.0,,1021.7,6360.0,United Kingdom,51.5074,-0.1278
2016-11-01 00:00:00,8.2,4.3,10.4,88.0,,1014.6,4620.0,United Kingdom,51.5074,-0.1278
2016-12-01 00:00:00,8.0,5.5,10.4,10.0,,1027.6,3300.0,United Kingdom,51.5074,-0.1278
2016-01-01 00:00:00,6.4,3.0,11.4,81.0,,1022.0,6660.0,Uzbekistan,41.2995,69.2401
2016-02-01 00:00:00,8.1,3.2,14.5,1.0,,1025.1,11340.0,Uzbekistan,41.2995,69.2401
2016-03-01 00:00:00,13.6,8.9,19.2,90.0,,1015.4,8940.0,Uzbekistan,41.2995,69.2401
2016-04-01 00:00:00,16.0,10.7,22.3,54.0,,1015.7,12360.0,Uzbekistan,41.2995,69.2401
2016-05-01 00:00:00,22.3,16.1,28.8,44.0,,1009.8,16020.0,Uzbekistan,41.2995,69.2401
2016-06-01 00:00:00,27.1,19.7,34.4,15.0,,1006.7,20400.0,Uzbekistan,41.2995,69.2401
2016-07-01 00:00:00,29.0,21.0,36.3,2.0,,1003.3,21960.0,Uzbekistan,41.2995,69.2401
2016-08-01 00:00:00,28.4,19.5,36.3,3.0,,1005.7,21420.0,Uzbekistan,41.2995,69.2401
2016-09-01 00:00:00,24.1,16.8,32.2,4.0,,1009.6,15960.0,Uzbekistan,41.2995,69.2401
2016-10-01 00:00:00,11.9,6.5,18.7,43.0,,1022.6,11220.0,Uzbekistan,41.2995,69.2401
2016-11-01 00:00:00,6.0,1.9,12.4,56.0,,1027.2,9000.0,Uzbekistan,41.2995,69.2401
2016-12-01 00:00:00,5.4,2.3,10.0,89.0,,1024.1,5160.0,Uzbekistan,41.2995,69.2401
